Workbook

Sheet Клиенты
A1: 20 потенциальных клиентов: сайт и/или Telegram-бот (собрано 07.10.2026)
A2: Отбор: у бизнеса вместо сайта только Taplink, поиск не нашёл своего сайта, есть признаки роста (несколько точек, высокий чек, штат, много отзывов). Перед звонком открой ссылку и проверь контакты — данные из открытых страниц.
A4: № | B4: Приоритет | C4: Бизнес | D4: Город | E4: Ниша | F4: Адрес | G4: Телефон | H4: Где сейчас (ссылка) | I4: Почему есть деньги / рост | J4: Что продаём | K4: Конкретное предложение | L4: Первое сообщение (крючок) | M4: Бюджет от, ₽ | N4: Бюджет до, ₽ | O4: Статус | P4: Дата контакта | Q4: Комментарий
A5: 1 | B5: A | C5: Цветочный дом | D5: Сочи / Туапсе / Лазаревское | E5: Цветы: опт + розница | F5: Сочи: Транспортная, Донская, Московская, Курортный пр-т; Туапсе: К. Маркса, Сочинская; Лазаревское: Калараша 141 | G5: есть на Taplink | H5: https://taplink.cc/cvetochniy_dom23 | I5: 8 магазинов в 3 городах, поставки 4 раза в неделю, называют себя «цветочный №1» — деньги точно есть | J5: Оба | K5: Сайт-каталог букетов с ценами и оплатой + ТГ-бот: заказ букета, выбор магазина, доставка, оптовый прайс для флористов | L5: Покажите, как бот принимает заказ на букет за 1 минуту и отдаёт его в нужный из 8 магазинов | M5: 100000 | N5: 200000 | O5: Не связывался
A6: 2 | B6: A | C6: Sugar Life Studio | D6: Санкт-Петербург | E6: Лазерная эпиляция, LPG, RF-лифтинг | F6: Несколько точек: пр. Ветеранов, ул. Маршала Жукова и др. (список на Taplink) | G6: есть на Taplink | H6: https://taplink.cc/nadi_sugarlife | I6: Уже несколько филиалов — растут, но всё держится на Taplink | J6: Оба | K6: Сайт с прайсом по зонам и филиалам + ТГ-бот записи с выбором филиала, напоминаниями и абонементами | L6: У вас несколько точек: бот сам запишет клиента в ближайшую и напомнит о повторной процедуре | M6: 80000 | N6: 160000 | O6: Не связывался
A7: 3 | B7: A | C7: Neplach (specialty-кофейня) | D7: Москва | E7: Кофейня, 2 точки | F7: ул. Красноказарменная и ул. Просторная (2 точки) | G7: есть на Taplink | H7: https://taplink.cc/neplach | I7: Открыли 2-ю точку, уже принимают заказы с доставкой и самовывозом, ведут сообщество | J7: ТГ-бот (+ лендинг) | K7: ТГ-бот: предзаказ кофе к выходу, карта лояльности (каждый 6-й кофе), рассылка о событиях; простой лендинг двух точек | L7: Сделаю бота предзаказа: гость заказывает из метро и забирает без очереди, плюс электронная карта лояльности | M7: 50000 | N7: 120000 | O7: Не связывался
A8: 4 | B8: A | C8: Театральный буфетъ | D8: Казань | E8: Ресторан-кондитерская + арт-галерея | F8: ул. Карла Маркса, 27/11 (особняк) | G8: +7 (987) 215-70-55 | H8: https://taplink.cc/buffetkazan | I8: Ресторан в старинном особняке, 125 отзывов и оценка 8.5 — хороший средний чек | J8: Оба | K8: Атмосферный сайт с меню, галереей и бронью столов + ТГ-бот заказа тортов/десертов и анонсов выставок | L8: Ресторану такого уровня нужен сайт под стать: меню, бронь, заказ тортов онлайн | M8: 90000 | N8: 180000 | O8: Не связывался
A9: 5 | B9: A | C9: Be Better (студия коррекции фигуры) | D9: Москва | E9: Аппаратная косметология | F9: Ходынский бульвар, 2, ЖК «Лайнер», м. ЦСКА | G9: +7 (925) 563-64-63 | H9: https://bebetter.taplink.ws/ | I9: Процедуры от 15 000 до 22 000 ₽ — высокий чек, своя студия | J9: Оба | K9: Продающий сайт под Яндекс.Директ (до/после, цены, акции) + ТГ-бот записи и напоминаний о курсе процедур | L9: С вашим чеком 15–22 тыс. одна заявка с сайта окупает рекламу. Покажу, как сделать сайт под Директ | M9: 80000 | N9: 150000 | O9: Не связывался
A10: 6 | B10: A | C10: ColorFresh | D10: Москва | E10: Студия сложного окрашивания | F10: ул. 2-я Рыбинская, 13 | G10: есть на Taplink | H10: https://colorfresh.taplink.ws/ | I10: Основательница — арт-директор, входит в топ-10 колористов; окрашивание — дорогая услуга | J10: Оба | K10: Сайт-портфолио работ (до/после) + ТГ-бот: подбор мастера, запись, фото волос до консультации | L10: Колористу топ-уровня нужен сайт-портфолио, а не Taplink. Бот примет фото волос и запишет на консультацию | M10: 70000 | N10: 140000 | O10: Не связывался
A11: 7 | B11: A | C11: Pointcosmo | D11: Москва | E11: Лазерная эпиляция и косметология | F11: Каширское шоссе, 16 (м. Каширская / Варшавская) | G11: есть на Taplink | H11: https://taplink.cc/pointcosmo | I11: Работают ежедневно 10–21, несколько специалистов с медобразованием | J11: Оба | K11: Сайт клиники с прайсом по зонам и врачами (нужен для рекламы мед. услуг) + ТГ-бот записи | L11: Для рекламы косметологии в Яндексе нужен нормальный сайт — сделаю под ключ + бота записи | M11: 70000 | N11: 140000 | O11: Не связывался
A12: 8 | B12: A | C12: KUDRI BROVI | D12: Екатеринбург | E12: Бьюти-студия с медлицензией | F12: ул. Радищева, 31 (вход с Хохрякова) | G12: +7 (343) 302-21-51 | H12: https://taplink.cc/kudribrovi_ekb | I12: Есть медлицензия, своя парковка, городской номер — уже не «мастер на дому» | J12: Оба | K12: Сайт с услугами и врачами + ТГ-бот записи, напоминаний и отзывов | L12: Медлицензия есть, а сайта нет — это теряет доверие клиентов. Предлагаю сайт + бот записи | M12: 70000 | N12: 140000 | O12: Не связывался
A13: 9 | B13: A | C13: Sportissimo | D13: Санкт-Петербург | E13: Танцевально-спортивная студия | F13: ул. Парашютная, 23 (Приморский р-н) | G13: +7 (911) 101-74-10 | H13: https://taplink.cc/sportissimospb | I13: 15+ программ для всех возрастов, детская комната, абонементы до 5 800 ₽ | J13: Оба | K13: Сайт с расписанием и абонементами + ТГ-бот: запись на пробное, расписание, продление абонемента | L13: Бот сам запишет на пробное и напомнит родителям о занятии — меньше переписки у админа | M13: 60000 | N13: 130000 | O13: Не связывался
A14: 10 | B14: A | C14: Студия электроэпиляции Наталии Князевой | D14: Нижний Новгород | E14: Электро- и лазерная эпиляция | F14: ул. Славянская, 23 | G14: +7 (910) 130-70-15 (менеджер Ольга) | H14: https://taplink.cc/electro_epil_nn | I14: Работают ежедневно 9–21, есть отдельный менеджер — бизнес уже нанимает людей | J14: Оба | K14: Сайт студии + ТГ-бот записи, который снимет часть нагрузки с менеджера | L14: У вас уже есть менеджер — бот возьмёт на себя запись и напоминания, сайт даст заявки из поиска | M14: 60000 | N14: 130000 | O14: Не связывался
A15: 11 | B15: A | C15: Кондитерская ЭВИЛЬ | D15: Казань | E15: Торты на заказ, десерты | F15: Казань (доставка по городу) | G15: 8-937-526-27-26 | H15: https://taplink.cc/eville_studio/p/8defa0/ | I15: Торты в наличии + срочные заказы, свадебные и корпоративные — стабильный поток | J15: Оба | K15: ТГ-бот-каталог тортов с конструктором (начинка, вес, дата) + сайт-витрина под поиск «торт на заказ Казань» | L15: Бот примет заказ торта с начинкой и датой сам, а сайт будет собирать заказы из Яндекса | M15: 60000 | N15: 130000 | O15: Не связывался
A16: 12 | B16: B | C16: Подолог в Новосибирске | D16: Новосибирск | E16: Подология | F16: ул. Ленина, 12, 7 этаж, офис 700 | G16: есть на Taplink | H16: https://taplink.cc/podolog_garchenko | I16: 500+ положительных отзывов, несколько специалистов | J16: Оба | K16: Сайт с услугами/кейсами + ТГ-бот записи и повторных визитов | L16: С 500 отзывами вы уже бренд — пора сайт, чтобы клиенты из поиска приходили к вам, а не к конкурентам | M16: 50000 | N16: 110000 | O16: Не связывался
... A24: 20 | B24: B | C24: Студия красоты «Глянец» | D24: Санкт-Петербург (Металлострой) | E24: Салон красоты | F24: ул. Полевая, 12, пос. Металлострой | G24: есть на Taplink | H24: https://taplink.cc/stydia_gljanec | I24: Полный набор услуг: маникюр, стрижки, окрашивание, брови, косметология | J24: Оба | K24: Сайт салона (по запросам «салон красоты Металлострой» конкурентов мало) + ТГ-бот записи | L24: В Металлострое почти нет салонов с сайтом — легко выйти в топ поиска | M24: 50000 | N24: 100000 | O24: Не связывался
L25: Итого потенциал воронки: | M25: =SUM(M5:M24) -> 1195000 | N25: =SUM(N5:N24) -> 2510000
A27: Как пользоваться:
A28: • Жёлтые колонки (Статус, Дата контакта, Комментарий) — заполняешь ты. Статус выбирается из списка.
A29: • Синие цифры «Бюджет от/до» — мой ориентир по рынку фриланса РФ, не цена клиента. Поменяй под свои расценки — итоги пересчитаются.
A30: • Приоритет A — несколько точек / высокий чек / штат, звонить первыми. B — меньше, но тоже готовы платить.
A31: • Цветочный дом — самый крупный в списке (8 магазинов): чек выше, но и требования выше.

Sheet Сводка
A1: Сводка по воронке
A3: Статус | B3: Кол-во | C3: Бюджет от, ₽
A4: Не связывался | B4: =COUNTIF(Клиенты!$O$5:$O$24,A4) -> 20 | C4: =SUMIF(Клиенты!$O$5:$O$24,A4,Клиенты!$M$5:$M$24) -> 1195000
A5: Написал | B5: =COUNTIF(Клиенты!$O$5:$O$24,A5) -> 0 | C5: =SUMIF(Клиенты!$O$5:$O$24,A5,Клиенты!$M$5:$M$24) -> 0
A6: Ответил | B6: =COUNTIF(Клиенты!$O$5:$O$24,A6) -> 0 | C6: =SUMIF(Клиенты!$O$5:$O$24,A6,Клиенты!$M$5:$M$24) -> 0
A7: Созвон | B7: =COUNTIF(Клиенты!$O$5:$O$24,A7) -> 0 | C7: =SUMIF(Клиенты!$O$5:$O$24,A7,Клиенты!$M$5:$M$24) -> 0
A8: КП отправлено | B8: =COUNTIF(Клиенты!$O$5:$O$24,A8) -> 0 | C8: =SUMIF(Клиенты!$O$5:$O$24,A8,Клиенты!$M$5:$M$24) -> 0
A9: Сделка | B9: =COUNTIF(Клиенты!$O$5:$O$24,A9) -> 0 | C9: =SUMIF(Клиенты!$O$5:$O$24,A9,Клиенты!$M$5:$M$24) -> 0
A10: Отказ | B10: =COUNTIF(Клиенты!$O$5:$O$24,A10) -> 0 | C10: =SUMIF(Клиенты!$O$5:$O$24,A10,Клиенты!$M$5:$M$24) -> 0
A11: Всего | B11: =SUM(B4:B10) -> 20 | C11: =SUM(C4:C10) -> 1195000
A12: Конверсия в сделку | B12: =IF(B11=0,0,B10/B11) -> 0
A14: Что продаём | B14: Кол-во
A15: Оба | B15: =COUNTIF(Клиенты!$J$5:$J$24,A15) -> 15
A16: ТГ-бот | B16: =COUNTIF(Клиенты!$J$5:$J$24,A16) -> 2
A17: ТГ-бот (+ лендинг) | B17: =COUNTIF(Клиенты!$J$5:$J$24,A17) -> 3
A19: Город | B19: Кол-во
A20: Сочи / Туапсе / Лазаревское | B20: =COUNTIF(Клиенты!$D$5:$D$24,A20) -> 1
A21: Санкт-Петербург | B21: =COUNTIF(Клиенты!$D$5:$D$24,A21) -> 3
A22: Москва | B22: =COUNTIF(Клиенты!$D$5:$D$24,A22) -> 6
A23: Казань | B23: =COUNTIF(Клиенты!$D$5:$D$24,A23) -> 2
A24: Екатеринбург | B24: =COUNTIF(Клиенты!$D$5:$D$24,A24) -> 2
A25: Нижний Новгород | B25: =COUNTIF(Клиенты!$D$5:$D$24,A25) -> 1
A26: Новосибирск | B26: =COUNTIF(Клиенты!$D$5:$D$24,A26) -> 2
A27: Ростов-на-Дону | B27: =COUNTIF(Клиенты!$D$5:$D$24,A27) -> 1
A28: Воронеж | B28: =COUNTIF(Клиенты!$D$5:$D$24,A28) -> 1
A29: Санкт-Петербург (Металлострой) | B29: =COUNTIF(Клиенты!$D$5:$D$24,A29) -> 1

Sheet Запасные
A1: Запасные варианты (если кто-то из 20 откажет)
A3: Бизнес | B3: Город | C3: Ниша | D3: Ссылка | E3: Что предложить
A4: Живая глина | B4: Новосибирск | C4: Студия керамики и живописи | D4: https://glinansk.taplink.ws/ | E4: Мастер-классы, дни рождения, корпоративы — нужен сайт + бот брони мероприятий
A5: Терракот | B5: Новосибирск | C5: Гончарная мастерская | D5: https://taplink.cc/terrakotnsk | E5: Курсы, МК, продажа изделий — сайт-магазин + бот записи
A6: ДаБро | B6: город уточнить | C6: Барбершоп | D6: https://dabrobarbershop.taplink.ws/ | E6: Бот записи к мастеру
A7: Делюсь мечтой | B7: город уточнить | C7: Кофейня | D7: https://sharingdream.taplink.ws/ | E7: Предзаказ десертов и доставка — ТГ-бот
A8: Nostalgia coffee | B8: Москва | C8: Кофейня | D8: https://taplink.cc/nostalgia_coffee_mos | E8: Бот предзаказа и лояльности
